{
  "heights": [
    2.5,
    2.8,
    3.0999999999999996,
    3.3999999999999995,
    3.6999999999999993,
    3.999999999999999,
    4.299999999999999,
    4.599999999999999,
    4.899999999999999,
    5.199999999999998,
    5.499999999999998,
    5.799999999999998,
    6.099999999999998,
    6.399999999999998,
    6.6999999999999975,
    6.999999999999997,
    7.299999999999997,
    7.599999999999997,
    7.899999999999997,
    8.199999999999996
  ],
  "adsorbant": "Au2",
  "surface": "MoS2",
  "configuration": {
    "z_start": 2.5,
    "z_end": 8.0,
    "z_step": 0.3,
    "orientation": "parallel"
  },
  "omat_energies": [
    -0.5364208221435547,
    -0.4671173095703125,
    -0.34125328063964844,
    -0.21373939514160156,
    -0.12701416015625,
    -0.06850242614746094,
    -0.06041908264160156,
    -0.05063819885253906,
    0.12212181091308594,
    0.3089637756347656,
    0.15164947509765625,
    0.009492874145507812,
    0.0001926422119140625,
    -0.0008563995361328125,
    -0.000926971435546875,
    -0.0002613067626953125,
    -0.0005474090576171875,
    -0.001373291015625,
    0.000392913818359375,
    0.0
  ],
  "omc_energies": [
    1.091372013092041,
    0.716102123260498,
    0.3057851791381836,
    -0.06470155715942383,
    -0.28125905990600586,
    -0.3144383430480957,
    -0.22626781463623047,
    -0.07668924331665039,
    0.018288135528564453,
    0.02129650115966797,
    0.027805328369140625,
    0.0037603378295898438,
    -0.0008692741394042969,
    0.0015730857849121094,
    -0.0007176399230957031,
    -0.0012125968933105469,
    -9.298324584960938e-05,
    -0.0014901161193847656,
    -1.1920928955078125e-05,
    0.0
  ]
}