{
  "heights": [
    2.5,
    2.8,
    3.0999999999999996,
    3.3999999999999995,
    3.6999999999999993,
    3.999999999999999,
    4.299999999999999,
    4.599999999999999,
    4.899999999999999,
    5.199999999999998,
    5.499999999999998,
    5.799999999999998,
    6.099999999999998,
    6.399999999999998,
    6.6999999999999975,
    6.999999999999997,
    7.299999999999997,
    7.599999999999997,
    7.899999999999997,
    8.199999999999996
  ],
  "adsorbant": "Pt2",
  "surface": "MoS2",
  "configuration": {
    "z_start": 2.5,
    "z_end": 8.0,
    "z_step": 0.3,
    "orientation": "parallel"
  },
  "omat_energies": [
    -55.664833068847656,
    -55.338504791259766,
    -55.08313179016113,
    -54.84317970275879,
    -54.59560012817383,
    -54.256330490112305,
    -53.70916748046875,
    -51.552595138549805,
    -39.70976257324219,
    -22.218082427978516,
    -6.069183349609375,
    -0.2105560302734375,
    -0.0210723876953125,
    -0.00980377197265625,
    0.020843505859375,
    -0.00106048583984375,
    0.0155029296875,
    0.00272369384765625,
    0.0063934326171875,
    0.0
  ],
  "omc_energies": [
    4.112934112548828,
    4.022083282470703,
    3.7867860794067383,
    3.3078746795654297,
    2.727353096008301,
    2.126964569091797,
    1.5370264053344727,
    0.9814519882202148,
    0.46598339080810547,
    0.11677360534667969,
    0.01995849609375,
    0.00027179718017578125,
    -0.0018873214721679688,
    -0.002010345458984375,
    -9.632110595703125e-05,
    -0.0012636184692382812,
    -0.0007104873657226562,
    -0.0014963150024414062,
    0.000888824462890625,
    0.0
  ]
}