{
  "heights": [
    3.2,
    3.5,
    3.8,
    4.1,
    4.3999999999999995,
    4.699999999999999,
    4.999999999999999,
    5.299999999999999,
    5.599999999999999,
    5.899999999999999,
    6.199999999999998,
    6.499999999999998,
    6.799999999999998,
    7.099999999999998,
    7.399999999999998,
    7.6999999999999975,
    7.999999999999997,
    8.299999999999997,
    8.599999999999998
  ],
  "adsorbant": "PTCDA",
  "surface": "MoS2",
  "configuration": {
    "z_start": 3.2,
    "z_end": 8.5,
    "z_step": 0.3,
    "orientation": "flat"
  },
  "omat_energies": [
    100.933349609375,
    80.661376953125,
    57.8419189453125,
    43.5263671875,
    30.5887451171875,
    17.7525634765625,
    8.0166015625,
    2.7769775390625,
    0.529052734375,
    0.0120849609375,
    0.0072021484375,
    0.004150390625,
    -0.0030517578125,
    -0.015869140625,
    -0.01708984375,
    -0.00146484375,
    0.0068359375,
    -0.0157470703125,
    0.0
  ],
  "omc_energies": [
    3.65118408203125,
    2.65802001953125,
    2.24249267578125,
    1.9525146484375,
    1.55828857421875,
    1.1546630859375,
    0.65081787109375,
    0.28363037109375,
    0.088623046875,
    0.00299072265625,
    0.0042724609375,
    0.00286865234375,
    0.00048828125,
    -0.01220703125,
    0.0096435546875,
    0.00335693359375,
    0.00244140625,
    -0.0006103515625,
    0.0
  ]
}