{
  "heights": [
    2.5,
    2.8,
    3.0999999999999996,
    3.3999999999999995,
    3.6999999999999993,
    3.999999999999999,
    4.299999999999999,
    4.599999999999999,
    4.899999999999999,
    5.199999999999998,
    5.499999999999998,
    5.799999999999998,
    6.099999999999998,
    6.399999999999998,
    6.6999999999999975,
    6.999999999999997,
    7.299999999999997,
    7.599999999999997,
    7.899999999999997,
    8.199999999999996
  ],
  "adsorbant": "Cd2",
  "surface": "MoS2",
  "configuration": {
    "z_start": 2.5,
    "z_end": 8.0,
    "z_step": 0.3,
    "orientation": "parallel"
  },
  "omat_energies": [
    0.7188377380371094,
    0.5453758239746094,
    0.4622383117675781,
    0.40477752685546875,
    0.35495948791503906,
    0.3019142150878906,
    0.2499408721923828,
    0.19295692443847656,
    0.1318817138671875,
    0.11669158935546875,
    0.07059097290039062,
    0.002536773681640625,
    -0.000423431396484375,
    0.00028228759765625,
    7.05718994140625e-05,
    0.0002536773681640625,
    -0.00029754638671875,
    0.000469207763671875,
    -0.0008373260498046875,
    0.0
  ],
  "omc_energies": [
    0.6390695571899414,
    0.3663749694824219,
    0.34063005447387695,
    0.4099874496459961,
    0.5182585716247559,
    0.6246018409729004,
    0.6612095832824707,
    0.6014108657836914,
    0.4932742118835449,
    0.2483351230621338,
    0.025809526443481445,
    -4.291534423828125e-06,
    -0.0007946491241455078,
    0.0014460086822509766,
    -0.0002677440643310547,
    -0.0007171630859375,
    -0.0009703636169433594,
    -0.0003762245178222656,
    0.0009517669677734375,
    0.0
  ]
}