{
  "heights": [
    2.3,
    2.5999999999999996,
    2.8999999999999995,
    3.1999999999999993,
    3.499999999999999,
    3.799999999999999,
    4.099999999999999,
    4.399999999999999,
    4.699999999999998,
    4.999999999999998,
    5.299999999999998,
    5.599999999999998,
    5.899999999999998,
    6.1999999999999975,
    6.499999999999997,
    6.799999999999997,
    7.099999999999997,
    7.399999999999997,
    7.699999999999997,
    7.9999999999999964,
    8.299999999999997
  ],
  "adsorbant": "V2",
  "surface": "MoS2",
  "configuration": {
    "z_start": 2.3,
    "z_end": 8.0,
    "z_step": 0.3,
    "orientation": "parallel"
  },
  "omat_energies": [
    -89.28739929199219,
    -88.73818588256836,
    -88.31653022766113,
    -87.99425888061523,
    -87.68667221069336,
    -87.3225154876709,
    -86.50854301452637,
    -84.9281005859375,
    -75.27109146118164,
    -47.43140411376953,
    -18.81023406982422,
    -3.3032608032226562,
    0.00206756591796875,
    -0.00208282470703125,
    0.0178070068359375,
    0.01702880859375,
    0.0212249755859375,
    0.00458526611328125,
    0.010467529296875,
    0.0063018798828125,
    0.0
  ],
  "omc_energies": [
    6.514153480529785,
    7.084866523742676,
    7.443367958068848,
    7.603676795959473,
    7.632697105407715,
    7.559178352355957,
    7.321171760559082,
    6.806788444519043,
    5.814179420471191,
    3.8796377182006836,
    1.2441177368164062,
    0.12233161926269531,
    -0.0001049041748046875,
    0.00249481201171875,
    -0.0013093948364257812,
    -0.0019159317016601562,
    -0.000881195068359375,
    0.0005140304565429688,
    0.0013113021850585938,
    0.00023651123046875,
    0.0
  ]
}