{
  "heights": [
    2.5,
    2.8,
    3.0999999999999996,
    3.3999999999999995,
    3.6999999999999993,
    3.999999999999999,
    4.299999999999999,
    4.599999999999999,
    4.899999999999999,
    5.199999999999998,
    5.499999999999998,
    5.799999999999998,
    6.099999999999998,
    6.399999999999998,
    6.6999999999999975,
    6.999999999999997,
    7.299999999999997,
    7.599999999999997,
    7.899999999999997,
    8.199999999999996
  ],
  "adsorbant": "Re2",
  "surface": "MoS2",
  "configuration": {
    "z_start": 2.5,
    "z_end": 8.0,
    "z_step": 0.3,
    "orientation": "parallel"
  },
  "omat_energies": [
    -115.72655296325684,
    -115.37092018127441,
    -115.07988929748535,
    -114.74933052062988,
    -114.43033599853516,
    -114.03405952453613,
    -113.17718315124512,
    -108.04681015014648,
    -74.81033325195312,
    -33.69312286376953,
    -7.6986083984375,
    -0.2142791748046875,
    -0.001495361328125,
    -0.001953125,
    -0.0036773681640625,
    -0.0069122314453125,
    -0.016387939453125,
    -0.0192718505859375,
    -0.01947021484375,
    0.0
  ],
  "omc_energies": [
    7.398530960083008,
    6.960805892944336,
    6.901264190673828,
    6.675418853759766,
    6.175384521484375,
    5.142029762268066,
    3.7172460556030273,
    2.3120298385620117,
    1.1802854537963867,
    0.3617715835571289,
    0.021184921264648438,
    -0.004527091979980469,
    -0.0013685226440429688,
    -0.0009307861328125,
    -0.0021276473999023438,
    -9.5367431640625e-05,
    -0.0005855560302734375,
    -0.0018100738525390625,
    -0.001220703125,
    0.0
  ]
}