{
  "heights": [
    2.3,
    2.5999999999999996,
    2.8999999999999995,
    3.1999999999999993,
    3.499999999999999,
    3.799999999999999,
    4.099999999999999,
    4.399999999999999,
    4.699999999999998,
    4.999999999999998,
    5.299999999999998,
    5.599999999999998,
    5.899999999999998,
    6.1999999999999975,
    6.499999999999997,
    6.799999999999997,
    7.099999999999997,
    7.399999999999997,
    7.699999999999997,
    7.9999999999999964,
    8.299999999999997
  ],
  "adsorbant": "Zn2",
  "surface": "MoS2",
  "configuration": {
    "z_start": 2.3,
    "z_end": 8.0,
    "z_step": 0.3,
    "orientation": "parallel"
  },
  "omat_energies": [
    -5.757284164428711,
    -5.869279861450195,
    -5.895898818969727,
    -5.876638412475586,
    -5.839183807373047,
    -5.801334381103516,
    -5.746734619140625,
    -5.675811767578125,
    -5.547056198120117,
    -5.354040145874023,
    -5.055950164794922,
    -1.6546649932861328,
    -0.0085906982421875,
    -0.013690948486328125,
    -0.0056705474853515625,
    0.0020656585693359375,
    -0.0037384033203125,
    -0.017242431640625,
    -0.011156082153320312,
    -0.008352279663085938,
    0.0
  ],
  "omc_energies": [
    1.0312585830688477,
    0.694516658782959,
    0.5395426750183105,
    0.5517377853393555,
    0.6556658744812012,
    0.6952595710754395,
    0.6237516403198242,
    0.516357421875,
    0.4100184440612793,
    0.2435445785522461,
    0.005835056304931641,
    -0.017095088958740234,
    -0.0021233558654785156,
    -0.0009636878967285156,
    -0.0035572052001953125,
    -1.0967254638671875e-05,
    -0.0012998580932617188,
    -0.000980377197265625,
    7.009506225585938e-05,
    -0.0022306442260742188,
    0.0
  ]
}