{
  "heights": [
    2.3,
    2.5999999999999996,
    2.8999999999999995,
    3.1999999999999993,
    3.499999999999999,
    3.799999999999999,
    4.099999999999999,
    4.399999999999999,
    4.699999999999998,
    4.999999999999998,
    5.299999999999998,
    5.599999999999998,
    5.899999999999998,
    6.1999999999999975,
    6.499999999999997,
    6.799999999999997,
    7.099999999999997,
    7.399999999999997,
    7.699999999999997,
    7.9999999999999964,
    8.299999999999997
  ],
  "adsorbant": "Fe2",
  "surface": "MoS2",
  "configuration": {
    "z_start": 2.3,
    "z_end": 8.0,
    "z_step": 0.3,
    "orientation": "parallel"
  },
  "omat_energies": [
    -12.348566055297852,
    -11.953781127929688,
    -11.605161666870117,
    -11.316326141357422,
    -11.051414489746094,
    -10.763118743896484,
    -10.359130859375,
    -9.859378814697266,
    -9.158353805541992,
    -7.923404693603516,
    -5.7634735107421875,
    -0.9407157897949219,
    -0.000507354736328125,
    -0.008731842041015625,
    -0.023105621337890625,
    0.002593994140625,
    0.00325775146484375,
    -0.003559112548828125,
    0.001220703125,
    -0.00496673583984375,
    0.0
  ],
  "omc_energies": [
    0.673619270324707,
    0.9293355941772461,
    1.0611076354980469,
    0.9402055740356445,
    0.6168909072875977,
    0.30780029296875,
    -0.3196086883544922,
    -1.2905588150024414,
    -1.7959442138671875,
    -1.360177993774414,
    -0.6894407272338867,
    -0.1601858139038086,
    -0.0021533966064453125,
    -0.0015916824340820312,
    -0.0019283294677734375,
    -0.0012197494506835938,
    0.0008668899536132812,
    -0.0016431808471679688,
    -0.0007963180541992188,
    -0.0009889602661132812,
    0.0
  ]
}