{
  "heights": [
    2.2,
    2.4000000000000004,
    2.6000000000000005,
    2.8000000000000007,
    3.000000000000001,
    3.200000000000001,
    3.4000000000000012,
    3.6000000000000014,
    3.8000000000000016,
    4.000000000000002,
    4.200000000000002,
    4.400000000000002,
    4.600000000000002,
    4.8000000000000025,
    5.000000000000003,
    5.200000000000003,
    5.400000000000003,
    5.600000000000003,
    5.800000000000003,
    6.0000000000000036,
    6.200000000000004,
    6.400000000000004,
    6.600000000000004
  ],
  "adsorbant": "Na",
  "surface": "MoS2",
  "configuration": {
    "z_start": 2.2,
    "z_end": 6.5,
    "z_step": 0.2,
    "orientation": "default"
  },
  "omat_energies": [
    -1.2115154266357422,
    -1.3354682922363281,
    -1.3311119079589844,
    -1.2839832305908203,
    -1.2251205444335938,
    -1.137441635131836,
    -1.0011329650878906,
    -0.7489395141601562,
    1.0904045104980469,
    7.262571334838867,
    11.748983383178711,
    13.125795364379883,
    10.32469367980957,
    4.124082565307617,
    0.6452121734619141,
    -0.37796783447265625,
    -0.5189018249511719,
    -0.1972198486328125,
    -0.0226898193359375,
    -0.0003757476806640625,
    -0.000431060791015625,
    -0.000896453857421875,
    0.0
  ],
  "omc_energies": [
    -1.461507797241211,
    -1.7430262565612793,
    -1.8632168769836426,
    -1.8495616912841797,
    -1.772470474243164,
    -1.6894111633300781,
    -1.6544981002807617,
    -1.6347441673278809,
    -1.6115198135375977,
    -1.5417776107788086,
    -1.5148873329162598,
    -1.482882022857666,
    -1.4772396087646484,
    -1.435661792755127,
    -1.376136302947998,
    -1.2352886199951172,
    -0.9483709335327148,
    -0.5045661926269531,
    -0.05657815933227539,
    1.1920928955078125e-05,
    -0.0014319419860839844,
    -0.0025358200073242188,
    0.0
  ]
}