{
  "heights": [
    3.0,
    3.3,
    3.5999999999999996,
    3.8999999999999995,
    4.199999999999999,
    4.499999999999999,
    4.799999999999999,
    5.099999999999999,
    5.399999999999999,
    5.699999999999998,
    5.999999999999998,
    6.299999999999998,
    6.599999999999998,
    6.899999999999998,
    7.1999999999999975,
    7.499999999999997,
    7.799999999999997,
    8.099999999999998
  ],
  "adsorbant": "tetracene",
  "surface": "MoS2",
  "configuration": {
    "z_start": 3.0,
    "z_end": 8.0,
    "z_step": 0.3,
    "orientation": "flat"
  },
  "omat_energies": [
    0.494384765625,
    0.4459228515625,
    0.58941650390625,
    0.67425537109375,
    0.70843505859375,
    0.66064453125,
    0.525390625,
    0.37896728515625,
    0.20294189453125,
    0.03863525390625,
    0.003173828125,
    0.00054931640625,
    0.0029296875,
    0.00860595703125,
    0.0115966796875,
    0.00634765625,
    -0.00177001953125,
    0.0
  ],
  "omc_energies": [
    4.0823974609375,
    2.63433837890625,
    2.007476806640625,
    1.727874755859375,
    1.4345703125,
    1.114471435546875,
    0.74505615234375,
    0.401824951171875,
    0.12744140625,
    0.00897216796875,
    -0.001678466796875,
    -0.0003662109375,
    -0.003692626953125,
    -0.0093994140625,
    0.001495361328125,
    -0.0030517578125,
    0.005889892578125,
    0.0
  ]
}