{
  "heights": [
    2.8,
    3.0999999999999996,
    3.3999999999999995,
    3.6999999999999993,
    3.999999999999999,
    4.299999999999999,
    4.599999999999999,
    4.899999999999999,
    5.199999999999998,
    5.499999999999998,
    5.799999999999998,
    6.099999999999998,
    6.399999999999998,
    6.6999999999999975,
    6.999999999999997,
    7.299999999999997,
    7.599999999999997,
    7.899999999999997,
    8.199999999999996,
    8.499999999999996,
    8.799999999999997
  ],
  "adsorbant": "TiO2",
  "surface": "MoS2",
  "configuration": {
    "z_start": 2.8,
    "z_end": 8.5,
    "z_step": 0.3,
    "orientation": "linear"
  },
  "omat_energies": [
    0.22336959838867188,
    0.4572410583496094,
    0.5830230712890625,
    0.617462158203125,
    0.5690059661865234,
    0.45348167419433594,
    0.28608131408691406,
    0.16721343994140625,
    0.06264686584472656,
    -0.0030002593994140625,
    -0.0013675689697265625,
    0.000720977783203125,
    0.0006866455078125,
    0.0013027191162109375,
    0.001049041748046875,
    0.0027008056640625,
    0.0018177032470703125,
    0.002834320068359375,
    0.0006103515625,
    0.0015964508056640625,
    0.0
  ],
  "omc_energies": [
    1.2289810180664062,
    1.3155279159545898,
    1.300497055053711,
    1.2372045516967773,
    1.1538333892822266,
    1.0014228820800781,
    0.7626795768737793,
    0.5287747383117676,
    0.2525143623352051,
    0.03570699691772461,
    -0.0012068748474121094,
    -0.0005340576171875,
    -9.298324584960938e-05,
    -0.00046062469482421875,
    -0.0006947517395019531,
    -0.0007491111755371094,
    -0.00017547607421875,
    -0.0010328292846679688,
    -0.0015625953674316406,
    -0.0003452301025390625,
    0.0
  ]
}