{
  "heights": [
    2.3,
    2.5999999999999996,
    2.8999999999999995,
    3.1999999999999993,
    3.499999999999999,
    3.799999999999999,
    4.099999999999999,
    4.399999999999999,
    4.699999999999998,
    4.999999999999998,
    5.299999999999998,
    5.599999999999998,
    5.899999999999998,
    6.1999999999999975,
    6.499999999999997,
    6.799999999999997,
    7.099999999999997,
    7.399999999999997,
    7.699999999999997,
    7.9999999999999964,
    8.299999999999997
  ],
  "adsorbant": "Ni2",
  "surface": "MoS2",
  "configuration": {
    "z_start": 2.3,
    "z_end": 8.0,
    "z_step": 0.3,
    "orientation": "parallel"
  },
  "omat_energies": [
    -3.5217838287353516,
    -2.9981231689453125,
    -2.380838394165039,
    -1.4372444152832031,
    0.19303512573242188,
    3.0109596252441406,
    5.319786071777344,
    4.038204193115234,
    2.3299922943115234,
    0.4059619903564453,
    -0.011453628540039062,
    0.06535530090332031,
    -0.001369476318359375,
    -0.00048065185546875,
    -0.001674652099609375,
    -0.0009670257568359375,
    -0.0023212432861328125,
    -0.0030078887939453125,
    0.0011768341064453125,
    -0.0003948211669921875,
    0.0
  ],
  "omc_energies": [
    0.5600738525390625,
    0.6939048767089844,
    0.5636987686157227,
    0.2080392837524414,
    -0.24700069427490234,
    -0.6160697937011719,
    -0.8897829055786133,
    -1.199502944946289,
    -1.4315681457519531,
    -1.4793624877929688,
    -0.9243946075439453,
    -0.18009567260742188,
    -0.0016298294067382812,
    0.0016994476318359375,
    0.0021839141845703125,
    -0.000354766845703125,
    -0.0005655288696289062,
    0.001346588134765625,
    -0.004128456115722656,
    0.0010099411010742188,
    0.0
  ]
}