{
  "heights": [
    2.0,
    2.2,
    2.4000000000000004,
    2.6000000000000005,
    2.8000000000000007,
    3.000000000000001,
    3.200000000000001,
    3.4000000000000012,
    3.6000000000000014,
    3.8000000000000016,
    4.000000000000002,
    4.200000000000002,
    4.400000000000002,
    4.600000000000002,
    4.8000000000000025,
    5.000000000000003,
    5.200000000000003,
    5.400000000000003,
    5.600000000000003,
    5.800000000000003,
    6.0000000000000036,
    6.200000000000004,
    6.400000000000004,
    6.600000000000004
  ],
  "adsorbant": "F",
  "surface": "MoS2",
  "configuration": {
    "z_start": 2.0,
    "z_end": 6.5,
    "z_step": 0.2,
    "orientation": "default"
  },
  "omat_energies": [
    0.7769985198974609,
    0.8850326538085938,
    1.0115909576416016,
    1.1274452209472656,
    1.2415008544921875,
    1.3572883605957031,
    1.467702865600586,
    1.5472640991210938,
    1.5898990631103516,
    1.603424072265625,
    1.6029739379882812,
    1.5953369140625,
    1.5681095123291016,
    1.5177898406982422,
    1.4435901641845703,
    1.3598403930664062,
    1.3017826080322266,
    1.180044174194336,
    0.6872806549072266,
    0.07904434204101562,
    -6.4849853515625e-05,
    -0.00150299072265625,
    -5.53131103515625e-05,
    0.0
  ],
  "omc_energies": [
    1.6835660934448242,
    1.9700093269348145,
    2.1901636123657227,
    2.366818428039551,
    2.524752616882324,
    2.675812244415283,
    2.825230121612549,
    2.943995952606201,
    3.013302803039551,
    3.003201961517334,
    2.9325785636901855,
    2.8254518508911133,
    2.70322847366333,
    2.584223747253418,
    2.4581665992736816,
    2.189438819885254,
    1.6609406471252441,
    1.0665173530578613,
    0.4110226631164551,
    0.027533531188964844,
    -0.0007519721984863281,
    -0.0003008842468261719,
    -0.0013184547424316406,
    0.0
  ]
}