{
  "heights": [
    2.8,
    3.0999999999999996,
    3.3999999999999995,
    3.6999999999999993,
    3.999999999999999,
    4.299999999999999,
    4.599999999999999,
    4.899999999999999,
    5.199999999999998,
    5.499999999999998,
    5.799999999999998,
    6.099999999999998,
    6.399999999999998,
    6.6999999999999975,
    6.999999999999997,
    7.299999999999997,
    7.599999999999997,
    7.899999999999997,
    8.199999999999996
  ],
  "adsorbant": "TCNQ",
  "surface": "MoS2",
  "configuration": {
    "z_start": 2.8,
    "z_end": 8.0,
    "z_step": 0.3,
    "orientation": "flat"
  },
  "omat_energies": [
    4.8406982421875,
    3.9455871582029545,
    3.521484375,
    3.056304931640625,
    2.5598144531248295,
    2.113250732421875,
    1.66400146484375,
    1.12689208984375,
    0.6446533203125,
    0.297637939453125,
    0.036590576171875,
    0.0029296875,
    -0.00604248046875,
    0.0106201171875,
    0.00360107421875,
    0.013916015625,
    0.007049560546875,
    0.01953125,
    0.0
  ],
  "omc_energies": [
    1.85711669921875,
    0.52850341796875,
    0.211456298828125,
    0.28271484375,
    0.40020751953125,
    0.411163330078125,
    0.30682373046875,
    0.181793212890625,
    0.04705810546875,
    -0.019500732421875,
    -0.004425048828125,
    -0.001068115234375,
    0.00091552734375,
    -0.006927490234375,
    0.0012207031252273737,
    0.001739501953125,
    0.0001220703125,
    -0.000946044921875,
    0.0
  ]
}