{
  "heights": [
    2.5,
    2.7,
    2.9000000000000004,
    3.1000000000000005,
    3.3000000000000007,
    3.500000000000001,
    3.700000000000001,
    3.9000000000000012,
    4.100000000000001,
    4.300000000000002,
    4.500000000000002,
    4.700000000000002,
    4.900000000000002,
    5.100000000000002,
    5.3000000000000025,
    5.500000000000003,
    5.700000000000003,
    5.900000000000003,
    6.100000000000003,
    6.300000000000003,
    6.5000000000000036,
    6.700000000000004,
    6.900000000000004,
    7.100000000000004,
    7.300000000000004,
    7.500000000000004,
    7.700000000000005,
    7.900000000000005,
    8.100000000000005
  ],
  "adsorbant": "Te",
  "surface": "MoS2",
  "configuration": {
    "z_start": 2.5,
    "z_end": 8.0,
    "z_step": 0.2,
    "orientation": "default"
  },
  "omat_energies": [
    -56.002981185913086,
    -55.82927894592285,
    -55.68461036682129,
    -55.57417106628418,
    -55.47149848937988,
    -55.375349044799805,
    -55.30476188659668,
    -55.256011962890625,
    -55.25498390197754,
    -55.30220985412598,
    -55.397111892700195,
    -55.525386810302734,
    -55.634376525878906,
    -55.61578178405762,
    -54.83095359802246,
    -45.68033218383789,
    -8.519401550292969,
    -0.00844573974609375,
    0.00069427490234375,
    -3.814697265625e-05,
    0.0002899169921875,
    -0.0005340576171875,
    0.000732421875,
    0.00028228759765625,
    0.00083160400390625,
    0.00069427490234375,
    0.001678466796875,
    -1.52587890625e-05,
    0.0
  ],
  "omc_energies": [
    -19.70448064804077,
    -19.460669994354248,
    -19.509760856628418,
    -19.726890087127686,
    -19.940491199493408,
    -20.072295665740967,
    -20.174516201019287,
    -20.269869804382324,
    -20.350624084472656,
    -20.475213527679443,
    -20.6710786819458,
    -20.94265842437744,
    -21.49713659286499,
    -22.254820823669434,
    -22.478667736053467,
    -22.715491771697998,
    -14.123592376708984,
    -0.05714225769042969,
    -0.000331878662109375,
    -0.001697540283203125,
    -0.000583648681640625,
    -0.002655029296875,
    -0.0010967254638671875,
    -0.001895904541015625,
    7.82012939453125e-05,
    -0.0017795562744140625,
    -9.918212890625e-05,
    -0.00196075439453125,
    0.0
  ]
}