{
  "heights": [
    2.5,
    2.8,
    3.0999999999999996,
    3.3999999999999995,
    3.6999999999999993,
    3.999999999999999,
    4.299999999999999,
    4.599999999999999,
    4.899999999999999,
    5.199999999999998,
    5.499999999999998,
    5.799999999999998,
    6.099999999999998,
    6.399999999999998,
    6.6999999999999975,
    6.999999999999997,
    7.299999999999997,
    7.599999999999997,
    7.899999999999997,
    8.199999999999996
  ],
  "adsorbant": "Ta2",
  "surface": "MoS2",
  "configuration": {
    "z_start": 2.5,
    "z_end": 8.0,
    "z_step": 0.3,
    "orientation": "parallel"
  },
  "omat_energies": [
    -95.55004119873047,
    -95.05328750610352,
    -94.74712944030762,
    -94.48744010925293,
    -94.16862487792969,
    -93.71533012390137,
    -93.05512046813965,
    -91.04273796081543,
    -71.42305374145508,
    -32.09149932861328,
    -7.4872894287109375,
    -0.236358642578125,
    -0.034820556640625,
    -0.00861358642578125,
    -0.01251983642578125,
    -0.007781982421875,
    -0.00902557373046875,
    -0.03102874755859375,
    -0.03436279296875,
    0.0
  ],
  "omc_energies": [
    1.6766433715820312,
    2.5027503967285156,
    3.2086639404296875,
    3.5695743560791016,
    3.694162368774414,
    3.5651798248291016,
    3.2027931213378906,
    2.5654239654541016,
    1.629098892211914,
    0.4404163360595703,
    -0.1261310577392578,
    -0.01039886474609375,
    -0.003582000732421875,
    -0.0063838958740234375,
    -0.0065155029296875,
    -0.001972198486328125,
    -0.0050048828125,
    -0.005832672119140625,
    0.0003376007080078125,
    0.0
  ]
}