{
  "heights": [
    2.3,
    2.5999999999999996,
    2.8999999999999995,
    3.1999999999999993,
    3.499999999999999,
    3.799999999999999,
    4.099999999999999,
    4.399999999999999,
    4.699999999999998,
    4.999999999999998,
    5.299999999999998,
    5.599999999999998,
    5.899999999999998,
    6.1999999999999975,
    6.499999999999997,
    6.799999999999997,
    7.099999999999997,
    7.399999999999997,
    7.699999999999997,
    7.9999999999999964,
    8.299999999999997
  ],
  "adsorbant": "Mn2",
  "surface": "MoS2",
  "configuration": {
    "z_start": 2.3,
    "z_end": 8.0,
    "z_step": 0.3,
    "orientation": "parallel"
  },
  "omat_energies": [
    -123.41886329650879,
    -122.9898624420166,
    -122.44197273254395,
    -121.77407836914062,
    -120.87284469604492,
    -120.09733772277832,
    -117.88120651245117,
    -109.30306243896484,
    -82.90164184570312,
    -48.78612518310547,
    -21.213417053222656,
    -3.90301513671875,
    0.0152587890625,
    0.0055389404296875,
    0.0052337646484375,
    0.00048828125,
    -0.0002593994140625,
    -0.0020294189453125,
    0.0108795166015625,
    0.010711669921875,
    0.0
  ],
  "omc_energies": [
    2.561964988708496,
    2.736384391784668,
    2.6732473373413086,
    2.73018741607666,
    2.8412294387817383,
    3.007449150085449,
    3.284703254699707,
    3.4247541427612305,
    3.428849220275879,
    3.176699638366699,
    0.5846710205078125,
    -0.07576942443847656,
    -0.0015106201171875,
    -0.0008955001831054688,
    0.0028257369995117188,
    0.000690460205078125,
    0.00048828125,
    0.0008306503295898438,
    -0.0012426376342773438,
    -0.0025224685668945312,
    0.0
  ]
}