{
  "heights": [
    2.5,
    2.8,
    3.0999999999999996,
    3.3999999999999995,
    3.6999999999999993,
    3.999999999999999,
    4.299999999999999,
    4.599999999999999,
    4.899999999999999,
    5.199999999999998,
    5.499999999999998,
    5.799999999999998,
    6.099999999999998,
    6.399999999999998,
    6.6999999999999975,
    6.999999999999997,
    7.299999999999997,
    7.599999999999997,
    7.899999999999997,
    8.199999999999996
  ],
  "adsorbant": "W2",
  "surface": "MoS2",
  "configuration": {
    "z_start": 2.5,
    "z_end": 8.0,
    "z_step": 0.3,
    "orientation": "parallel"
  },
  "omat_energies": [
    -61.07951736450195,
    -60.715070724487305,
    -60.45701217651367,
    -60.20859336853027,
    -59.94714164733887,
    -59.54027557373047,
    -58.85666847229004,
    -57.559980392456055,
    -51.44052505493164,
    -27.349998474121094,
    -7.770179748535156,
    -0.306732177734375,
    -0.01813507080078125,
    0.00325775146484375,
    -0.0071868896484375,
    0.0037384033203125,
    -0.0007476806640625,
    -0.0123443603515625,
    -0.0113525390625,
    0.0
  ],
  "omc_energies": [
    4.670015335083008,
    4.999645233154297,
    5.117042541503906,
    4.995965957641602,
    4.7694854736328125,
    4.486021041870117,
    4.185380935668945,
    3.705333709716797,
    3.0956668853759766,
    1.4978933334350586,
    0.08387565612792969,
    -0.029619216918945312,
    0.0019931793212890625,
    0.011179924011230469,
    0.005896568298339844,
    0.0077533721923828125,
    -0.00030231475830078125,
    0.010013580322265625,
    0.0074939727783203125,
    0.0
  ]
}