{
  "heights": [
    2.2,
    2.4000000000000004,
    2.6000000000000005,
    2.8000000000000007,
    3.000000000000001,
    3.200000000000001,
    3.4000000000000012,
    3.6000000000000014,
    3.8000000000000016,
    4.000000000000002,
    4.200000000000002,
    4.400000000000002,
    4.600000000000002,
    4.8000000000000025,
    5.000000000000003,
    5.200000000000003,
    5.400000000000003,
    5.600000000000003,
    5.800000000000003,
    6.0000000000000036,
    6.200000000000004,
    6.400000000000004,
    6.600000000000004,
    6.800000000000004,
    7.000000000000004,
    7.200000000000005,
    7.400000000000005,
    7.600000000000005
  ],
  "adsorbant": "Si",
  "surface": "MoS2",
  "configuration": {
    "z_start": 2.2,
    "z_end": 7.5,
    "z_step": 0.2,
    "orientation": "default"
  },
  "omat_energies": [
    3.1043453216552734,
    3.361663818359375,
    3.5641651153564453,
    3.7113475799560547,
    3.8199291229248047,
    3.9141998291015625,
    4.0034027099609375,
    4.103828430175781,
    4.247133255004883,
    4.574563980102539,
    5.233041763305664,
    6.801177978515625,
    8.975521087646484,
    10.603809356689453,
    8.385225296020508,
    5.513326644897461,
    3.0666751861572266,
    0.9237499237060547,
    0.06822967529296875,
    0.00046539306640625,
    7.05718994140625e-05,
    -0.000545501708984375,
    0.0002040863037109375,
    0.0003032684326171875,
    0.00040435791015625,
    -3.814697265625e-06,
    0.001373291015625,
    0.0
  ],
  "omc_energies": [
    4.7316718101501465,
    4.811293125152588,
    4.484143257141113,
    3.4470019340515137,
    1.7411813735961914,
    0.9546446800231934,
    0.821749210357666,
    0.8974442481994629,
    1.1932759284973145,
    1.3875975608825684,
    1.454483985900879,
    1.4987010955810547,
    1.4422273635864258,
    1.1589422225952148,
    0.8299198150634766,
    0.5395753383636475,
    0.30469393730163574,
    0.10335063934326172,
    0.013005256652832031,
    0.0006046295166015625,
    -0.0007565021514892578,
    0.0002620220184326172,
    -0.0020952224731445312,
    -0.00023603439331054688,
    -0.00018453598022460938,
    0.00010180473327636719,
    -0.0004756450653076172,
    0.0
  ]
}