{
  "heights": [
    3.0,
    3.3,
    3.5999999999999996,
    3.8999999999999995,
    4.199999999999999,
    4.499999999999999,
    4.799999999999999,
    5.099999999999999,
    5.399999999999999,
    5.699999999999998,
    5.999999999999998,
    6.299999999999998,
    6.599999999999998,
    6.899999999999998,
    7.1999999999999975,
    7.499999999999997,
    7.799999999999997,
    8.099999999999998,
    8.399999999999997,
    8.699999999999996
  ],
  "adsorbant": "BV",
  "surface": "MoS2",
  "configuration": {
    "z_start": 3.0,
    "z_end": 8.5,
    "z_step": 0.3,
    "orientation": "flat"
  },
  "omat_energies": [
    259.2509765625,
    208.75732421874977,
    163.021484375,
    120.50048828125,
    91.02392578124977,
    62.36083984375,
    34.76318359375,
    14.10107421875,
    3.705322265625,
    0.35498046875,
    0.0024414062497726263,
    0.0026855468747726263,
    0.013427734374772626,
    0.001953125,
    0.015380859375,
    0.011718749999772626,
    0.009033203125,
    0.00732421875,
    -0.0021972656252273737,
    0.0
  ],
  "omc_energies": [
    6.7503662109375,
    4.257080078125,
    3.1202392578123863,
    2.49334716796875,
    1.96929931640625,
    1.46405029296875,
    1.0343017578123863,
    0.59716796875,
    0.27355957031232947,
    0.0638427734375,
    -0.00036621093767053026,
    -0.00103759765625,
    0.0028686523435794697,
    -0.006958007812613687,
    0.0015258789061363132,
    0.00152587890625,
    -0.00036621093761368684,
    0.00634765625,
    0.007263183593636313,
    0.0
  ]
}