{
  "heights": [
    2.5,
    2.8,
    3.0999999999999996,
    3.3999999999999995,
    3.6999999999999993,
    3.999999999999999,
    4.299999999999999,
    4.599999999999999,
    4.899999999999999,
    5.199999999999998,
    5.499999999999998,
    5.799999999999998,
    6.099999999999998,
    6.399999999999998,
    6.6999999999999975,
    6.999999999999997,
    7.299999999999997,
    7.599999999999997,
    7.899999999999997,
    8.199999999999996
  ],
  "adsorbant": "ZnO",
  "surface": "MoS2",
  "configuration": {
    "z_start": 2.5,
    "z_end": 8.0,
    "z_step": 0.3,
    "orientation": "parallel"
  },
  "omat_energies": [
    -4.761995315551758,
    -4.704423904418945,
    -4.595014572143555,
    -4.505256652832031,
    -4.41914176940918,
    -4.308460235595703,
    -4.118474960327148,
    -3.7552967071533203,
    -3.2221107482910156,
    -2.2281112670898438,
    -0.7878952026367188,
    -0.02158355712890625,
    -0.0002193450927734375,
    0.00028228759765625,
    0.00089263916015625,
    0.00254058837890625,
    0.0042781829833984375,
    0.0020847320556640625,
    -0.000640869140625,
    0.0
  ],
  "omc_energies": [
    0.9342226982116699,
    0.6549038887023926,
    0.4615311622619629,
    0.3689422607421875,
    0.30878305435180664,
    0.2469649314880371,
    0.15557003021240234,
    0.029484272003173828,
    -0.13324308395385742,
    -0.2117624282836914,
    -0.13640451431274414,
    -0.01273202896118164,
    -0.00045871734619140625,
    -0.0005202293395996094,
    0.000904083251953125,
    -0.0010652542114257812,
    0.0002951622009277344,
    -0.0004048347473144531,
    0.000308990478515625,
    0.0
  ]
}