{
  "heights": [
    2.5,
    2.8,
    3.0999999999999996,
    3.3999999999999995,
    3.6999999999999993,
    3.999999999999999,
    4.299999999999999,
    4.599999999999999,
    4.899999999999999,
    5.199999999999998,
    5.499999999999998,
    5.799999999999998,
    6.099999999999998,
    6.399999999999998,
    6.6999999999999975,
    6.999999999999997,
    7.299999999999997,
    7.599999999999997,
    7.899999999999997,
    8.199999999999996
  ],
  "adsorbant": "Ir2",
  "surface": "MoS2",
  "configuration": {
    "z_start": 2.5,
    "z_end": 8.0,
    "z_step": 0.3,
    "orientation": "parallel"
  },
  "omat_energies": [
    -100.45545959472656,
    -100.07826614379883,
    -99.83218765258789,
    -99.58267211914062,
    -99.28640937805176,
    -98.76963424682617,
    -97.77674674987793,
    -94.92070579528809,
    -69.08136367797852,
    -30.930191040039062,
    -6.982421875,
    -0.102020263671875,
    -0.0323028564453125,
    -0.01697540283203125,
    -0.040771484375,
    -0.00344085693359375,
    -0.00066375732421875,
    -0.01751708984375,
    -0.02484130859375,
    0.0
  ],
  "omc_energies": [
    6.428788185119629,
    6.3246870040893555,
    5.969346046447754,
    5.406247138977051,
    4.833547592163086,
    4.117572784423828,
    3.1196861267089844,
    2.0420312881469727,
    1.1686458587646484,
    0.5244655609130859,
    0.11515617370605469,
    0.001148223876953125,
    -0.0020236968994140625,
    -0.0013799667358398438,
    -0.0005550384521484375,
    -0.0013246536254882812,
    -0.00043582916259765625,
    -0.0017070770263671875,
    -0.0011110305786132812,
    0.0
  ]
}