{
  "heights": [
    2.2,
    2.4000000000000004,
    2.6000000000000005,
    2.8000000000000007,
    3.000000000000001,
    3.200000000000001,
    3.4000000000000012,
    3.6000000000000014,
    3.8000000000000016,
    4.000000000000002,
    4.200000000000002,
    4.400000000000002,
    4.600000000000002,
    4.8000000000000025,
    5.000000000000003,
    5.200000000000003,
    5.400000000000003,
    5.600000000000003,
    5.800000000000003,
    6.0000000000000036,
    6.200000000000004,
    6.400000000000004,
    6.600000000000004,
    6.800000000000004,
    7.000000000000004,
    7.200000000000005,
    7.400000000000005,
    7.600000000000005
  ],
  "adsorbant": "S",
  "surface": "MoS2",
  "configuration": {
    "z_start": 2.2,
    "z_end": 7.5,
    "z_step": 0.2,
    "orientation": "default"
  },
  "omat_energies": [
    -2.8021926879882812,
    -2.475574493408203,
    -2.2650623321533203,
    -2.099395751953125,
    -1.9828872680664062,
    -1.9124927520751953,
    -1.8684444427490234,
    -1.8070182800292969,
    -1.7326812744140625,
    -1.6913948059082031,
    -1.701202392578125,
    -1.7293739318847656,
    -1.7111701965332031,
    -1.5837669372558594,
    -1.372732162475586,
    -0.93109130859375,
    -0.43984031677246094,
    0.5620632171630859,
    0.32190704345703125,
    7.05718994140625e-05,
    0.00030517578125,
    -0.0001659393310546875,
    0.00055694580078125,
    0.000762939453125,
    0.0011043548583984375,
    0.001129150390625,
    0.001712799072265625,
    0.0
  ],
  "omc_energies": [
    1.7688665390014648,
    2.3926286697387695,
    2.696213722229004,
    2.6791915893554688,
    2.632108688354492,
    2.6082305908203125,
    2.5861406326293945,
    2.554370880126953,
    2.4929637908935547,
    2.4485321044921875,
    2.403034210205078,
    2.2995710372924805,
    2.1477131843566895,
    1.963798999786377,
    1.628626823425293,
    1.0919880867004395,
    0.5078306198120117,
    0.19320344924926758,
    0.008275508880615234,
    -0.0010972023010253906,
    -0.0011997222900390625,
    -0.0018658638000488281,
    -0.0024709701538085938,
    -0.001220703125,
    -0.0016865730285644531,
    -0.0010190010070800781,
    -0.001312255859375,
    0.0
  ]
}