{
  "heights": [
    3.0,
    3.3,
    3.5999999999999996,
    3.8999999999999995,
    4.199999999999999,
    4.499999999999999,
    4.799999999999999,
    5.099999999999999,
    5.399999999999999,
    5.699999999999998,
    5.999999999999998,
    6.299999999999998,
    6.599999999999998,
    6.899999999999998,
    7.1999999999999975,
    7.499999999999997,
    7.799999999999997,
    8.099999999999998,
    8.399999999999997,
    8.699999999999996
  ],
  "adsorbant": "F4TCNQ",
  "surface": "MoS2",
  "configuration": {
    "z_start": 3.0,
    "z_end": 8.5,
    "z_step": 0.3,
    "orientation": "flat"
  },
  "omat_energies": [
    3.160491943359375,
    1.742218017578125,
    1.177032470703125,
    0.922821044921875,
    0.783172607421875,
    0.673065185546875,
    0.49188232421875,
    0.323089599609375,
    0.16424560546875,
    0.02587890625,
    -0.000946044921875,
    0.008636474609375,
    0.013427734375,
    -0.0006103515625,
    -9.1552734375e-05,
    0.001953125,
    0.00628662109375,
    -0.002685546875,
    0.00885009765625,
    0.0
  ],
  "omc_energies": [
    1.9278564453125,
    1.084716796875,
    0.89166259765625,
    0.92138671875,
    0.874786376953125,
    0.745574951171875,
    0.53271484375,
    0.284942626953125,
    0.077606201171875,
    0.02142333984375,
    0.010406494140625,
    0.008056640625,
    0.008056640625,
    0.002716064453125,
    0.015167236328125,
    0.010772705078125,
    0.01605224609375,
    0.010528564453125,
    0.00225830078125,
    0.0
  ]
}