{
  "heights": [
    2.5,
    2.8,
    3.0999999999999996,
    3.3999999999999995,
    3.6999999999999993,
    3.999999999999999,
    4.299999999999999,
    4.599999999999999,
    4.899999999999999,
    5.199999999999998,
    5.499999999999998,
    5.799999999999998,
    6.099999999999998,
    6.399999999999998,
    6.6999999999999975,
    6.999999999999997,
    7.299999999999997,
    7.599999999999997,
    7.899999999999997,
    8.199999999999996
  ],
  "adsorbant": "Pd2",
  "surface": "MoS2",
  "configuration": {
    "z_start": 2.5,
    "z_end": 8.0,
    "z_step": 0.3,
    "orientation": "parallel"
  },
  "omat_energies": [
    -75.83829498291016,
    -75.38261413574219,
    -74.93784141540527,
    -74.60318946838379,
    -74.2479190826416,
    -73.35836982727051,
    -69.57646942138672,
    -59.11917495727539,
    -43.797874450683594,
    -24.568893432617188,
    -7.523048400878906,
    -0.26340484619140625,
    0.01313018798828125,
    -0.0078125,
    -0.00519561767578125,
    -0.00677490234375,
    -0.022430419921875,
    -0.0173187255859375,
    0.00704193115234375,
    0.0
  ],
  "omc_energies": [
    5.314549446105957,
    5.404319763183594,
    5.292946815490723,
    5.009461402893066,
    4.635346412658691,
    4.074550628662109,
    3.268681526184082,
    2.3036012649536133,
    1.3902511596679688,
    0.49228429794311523,
    0.05804729461669922,
    0.0001888275146484375,
    -0.0015592575073242188,
    -0.0008649826049804688,
    -0.0021114349365234375,
    -0.0014443397521972656,
    -0.0011792182922363281,
    -0.0020203590393066406,
    -0.0003643035888671875,
    0.0
  ]
}