{
  "heights": [
    2.0,
    2.2,
    2.4000000000000004,
    2.6000000000000005,
    2.8000000000000007,
    3.000000000000001,
    3.200000000000001,
    3.4000000000000012,
    3.6000000000000014,
    3.8000000000000016,
    4.000000000000002,
    4.200000000000002,
    4.400000000000002,
    4.600000000000002,
    4.8000000000000025,
    5.000000000000003,
    5.200000000000003,
    5.400000000000003,
    5.600000000000003,
    5.800000000000003,
    6.0000000000000036,
    6.200000000000004,
    6.400000000000004,
    6.600000000000004,
    6.800000000000004,
    7.000000000000004,
    7.200000000000005,
    7.400000000000005,
    7.600000000000005,
    7.800000000000005,
    8.000000000000005
  ],
  "adsorbant": "C2",
  "surface": "MoS2",
  "configuration": {
    "z_start": 2.0,
    "z_end": 8.0,
    "z_step": 0.2,
    "orientation": "parallel"
  },
  "omat_energies": [
    -4.113325119018555,
    -3.7782058715820312,
    -3.493875503540039,
    -3.2817516326904297,
    -3.123189926147461,
    -2.982076644897461,
    -2.8493595123291016,
    -2.7272396087646484,
    -2.616922378540039,
    -2.5166244506835938,
    -2.4141273498535156,
    -2.287538528442383,
    -2.1258926391601562,
    -1.9023609161376953,
    -1.6323184967041016,
    -1.3221302032470703,
    -0.9681587219238281,
    -0.5855293273925781,
    -0.2391986846923828,
    -0.026163101196289062,
    -0.0009441375732421875,
    -0.000514984130859375,
    0.0005626678466796875,
    0.0002117156982421875,
    0.0005950927734375,
    -0.001953125,
    0.0015468597412109375,
    -0.00208282470703125,
    0.0012760162353515625,
    -0.0009059906005859375,
    0.0
  ],
  "omc_energies": [
    -1.9010610580444336,
    -1.5584897994995117,
    -1.2840690612792969,
    -1.1313867568969727,
    -1.0439167022705078,
    -1.007246971130371,
    -1.000248908996582,
    -0.9901018142700195,
    -0.9669589996337891,
    -0.9492721557617188,
    -0.9141445159912109,
    -0.8594474792480469,
    -0.7625741958618164,
    -0.6496810913085938,
    -0.5455570220947266,
    -0.4472160339355469,
    -0.3288593292236328,
    -0.19474506378173828,
    -0.0753326416015625,
    -0.011862754821777344,
    -0.0003948211669921875,
    0.0009860992431640625,
    -0.00023174285888671875,
    0.00020599365234375,
    0.0015745162963867188,
    0.00027370452880859375,
    0.0006542205810546875,
    0.00042724609375,
    0.0010404586791992188,
    4.1961669921875e-05,
    0.0
  ]
}