{
  "heights": [
    2.3,
    2.5999999999999996,
    2.8999999999999995,
    3.1999999999999993,
    3.499999999999999,
    3.799999999999999,
    4.099999999999999,
    4.399999999999999,
    4.699999999999998,
    4.999999999999998,
    5.299999999999998,
    5.599999999999998,
    5.899999999999998,
    6.1999999999999975,
    6.499999999999997,
    6.799999999999997,
    7.099999999999997,
    7.399999999999997,
    7.699999999999997,
    7.9999999999999964,
    8.299999999999997
  ],
  "adsorbant": "Cu2",
  "surface": "MoS2",
  "configuration": {
    "z_start": 2.3,
    "z_end": 8.0,
    "z_step": 0.3,
    "orientation": "parallel"
  },
  "omat_energies": [
    -2.441495895385742,
    -2.225025177001953,
    -1.9593448638916016,
    -1.7049369812011719,
    -1.4705848693847656,
    -1.3116683959960938,
    -1.1819515228271484,
    -1.1375083923339844,
    -1.1261863708496094,
    -1.0674629211425781,
    -0.8441162109375,
    -0.30100059509277344,
    -0.0023937225341796875,
    -0.0015621185302734375,
    -0.0038280487060546875,
    -0.0010662078857421875,
    -0.00278472900390625,
    -0.003597259521484375,
    -5.14984130859375e-05,
    -0.0034809112548828125,
    0.0
  ],
  "omc_energies": [
    1.4437007904052734,
    1.4890761375427246,
    1.4570579528808594,
    1.2054214477539062,
    0.8402194976806641,
    0.6225757598876953,
    0.518333911895752,
    0.4557161331176758,
    0.3196377754211426,
    0.1443476676940918,
    0.02123117446899414,
    0.0017147064208984375,
    -0.0004744529724121094,
    0.0004811286926269531,
    -0.0032587051391601562,
    -0.0013132095336914062,
    -0.0008902549743652344,
    -0.0010247230529785156,
    0.00010824203491210938,
    -0.0020804405212402344,
    0.0
  ]
}