{
  "heights": [
    2.8,
    3.0999999999999996,
    3.3999999999999995,
    3.6999999999999993,
    3.999999999999999,
    4.299999999999999,
    4.599999999999999,
    4.899999999999999,
    5.199999999999998,
    5.499999999999998,
    5.799999999999998,
    6.099999999999998,
    6.399999999999998,
    6.6999999999999975,
    6.999999999999997,
    7.299999999999997,
    7.599999999999997,
    7.899999999999997,
    8.199999999999996
  ],
  "adsorbant": "TTF",
  "surface": "MoS2",
  "configuration": {
    "z_start": 2.8,
    "z_end": 8.0,
    "z_step": 0.3,
    "orientation": "flat"
  },
  "omat_energies": [
    0.953887939453125,
    0.6778869628905682,
    0.710540771484375,
    0.725555419921875,
    0.744873046875,
    0.7037353515625,
    0.5966491699218182,
    0.45745849609375,
    0.27752685546869316,
    0.135833740234375,
    0.016357421875,
    -0.00384521484375,
    0.005432128906193157,
    0.00360107421875,
    -0.006530761718806843,
    -0.005950927734375,
    0.000762939453125,
    0.00421142578125,
    0.0
  ],
  "omc_energies": [
    -0.663604736328125,
    -1.1393737792968466,
    -1.1629638671875,
    -1.027801513671875,
    -0.81610107421875,
    -0.614227294921875,
    -0.4108581542968466,
    -0.286773681640625,
    -0.16412353515625,
    -0.05767822265622158,
    -0.005706787109375,
    -0.0012207031249715783,
    -0.00592041015625,
    0.0008544921875284217,
    -0.000274658203125,
    0.003326416015625,
    -0.002288818359375,
    -0.0034179687499715783,
    0.0
  ]
}