{
  "heights": [
    2.5,
    2.8,
    3.0999999999999996,
    3.3999999999999995,
    3.6999999999999993,
    3.999999999999999,
    4.299999999999999,
    4.599999999999999,
    4.899999999999999,
    5.199999999999998,
    5.499999999999998,
    5.799999999999998,
    6.099999999999998,
    6.399999999999998,
    6.6999999999999975,
    6.999999999999997,
    7.299999999999997,
    7.599999999999997,
    7.899999999999997,
    8.199999999999996
  ],
  "adsorbant": "Rh2",
  "surface": "MoS2",
  "configuration": {
    "z_start": 2.5,
    "z_end": 8.0,
    "z_step": 0.3,
    "orientation": "parallel"
  },
  "omat_energies": [
    -102.82893943786621,
    -102.36929702758789,
    -101.98824691772461,
    -101.6198501586914,
    -101.19977951049805,
    -100.50382614135742,
    -99.29235458374023,
    -91.6882438659668,
    -67.0765609741211,
    -32.54747009277344,
    -8.051200866699219,
    -0.15816497802734375,
    -0.0076904296875,
    0.00604248046875,
    -0.02288818359375,
    -0.01033782958984375,
    -0.00037384033203125,
    -0.00917816162109375,
    0.00475311279296875,
    0.0
  ],
  "omc_energies": [
    6.3719482421875,
    6.769949913024902,
    6.944323539733887,
    6.657305717468262,
    6.190616607666016,
    5.471260070800781,
    4.321663856506348,
    2.8807058334350586,
    1.5495080947875977,
    0.48568153381347656,
    0.029325485229492188,
    -0.0023336410522460938,
    -0.0032567977905273438,
    -0.0019130706787109375,
    -0.0005445480346679688,
    -0.0012044906616210938,
    -0.001953125,
    -0.002044677734375,
    2.86102294921875e-05,
    0.0
  ]
}