{
  "heights": [
    2.3,
    2.5,
    2.7,
    2.9000000000000004,
    3.1000000000000005,
    3.3000000000000007,
    3.500000000000001,
    3.700000000000001,
    3.9000000000000012,
    4.100000000000001,
    4.300000000000002,
    4.500000000000002,
    4.700000000000002,
    4.900000000000002,
    5.100000000000002,
    5.3000000000000025,
    5.500000000000003,
    5.700000000000003,
    5.900000000000003,
    6.100000000000003,
    6.300000000000003,
    6.5000000000000036,
    6.700000000000004,
    6.900000000000004,
    7.100000000000004,
    7.300000000000004,
    7.500000000000004
  ],
  "adsorbant": "Se",
  "surface": "MoS2",
  "configuration": {
    "z_start": 2.3,
    "z_end": 7.5,
    "z_step": 0.2,
    "orientation": "default"
  },
  "omat_energies": [
    -2.7637786865234375,
    -2.5112857818603516,
    -2.3303050994873047,
    -2.1855812072753906,
    -2.0690174102783203,
    -1.9828815460205078,
    -1.90960693359375,
    -1.8285541534423828,
    -1.7758369445800781,
    -1.7962684631347656,
    -1.8759212493896484,
    -1.9879932403564453,
    -2.0749340057373047,
    -2.0813236236572266,
    -2.012805938720703,
    -1.764230728149414,
    -1.2980976104736328,
    -0.2580699920654297,
    -0.0051727294921875,
    -0.001369476318359375,
    -0.00142669677734375,
    -0.00180816650390625,
    -0.001216888427734375,
    -0.001056671142578125,
    -0.0010223388671875,
    -0.0008449554443359375,
    0.0
  ],
  "omc_energies": [
    0.12024736404418945,
    0.6429543495178223,
    0.8272604942321777,
    0.7060437202453613,
    0.5762081146240234,
    0.5038080215454102,
    0.45670032501220703,
    0.3936429023742676,
    0.3025965690612793,
    0.25331974029541016,
    0.16629743576049805,
    0.03386354446411133,
    -0.11226129531860352,
    -0.34038305282592773,
    -0.8337588310241699,
    -1.1441068649291992,
    -0.9105849266052246,
    -0.3416595458984375,
    -0.0036106109619140625,
    0.0015206336975097656,
    -0.00018739700317382812,
    0.0009241104125976562,
    0.0008492469787597656,
    0.0003757476806640625,
    -0.000186920166015625,
    5.435943603515625e-05,
    0.0
  ]
}