{
  "heights": [
    2.0,
    2.2,
    2.4000000000000004,
    2.6000000000000005,
    2.8000000000000007,
    3.000000000000001,
    3.200000000000001,
    3.4000000000000012,
    3.6000000000000014,
    3.8000000000000016,
    4.000000000000002,
    4.200000000000002,
    4.400000000000002,
    4.600000000000002,
    4.8000000000000025,
    5.000000000000003,
    5.200000000000003,
    5.400000000000003,
    5.600000000000003,
    5.800000000000003,
    6.0000000000000036
  ],
  "adsorbant": "Li",
  "surface": "MoS2",
  "configuration": {
    "z_start": 2.0,
    "z_end": 6.0,
    "z_step": 0.2,
    "orientation": "default"
  },
  "omat_energies": [
    -36.80669403076172,
    -36.77792739868164,
    -36.64273643493652,
    -36.47396469116211,
    -36.30231857299805,
    -36.1362190246582,
    -35.93423843383789,
    -35.61282920837402,
    -35.010528564453125,
    -32.934770584106445,
    -27.813356399536133,
    -23.11458396911621,
    -17.32170867919922,
    -15.00455093383789,
    -17.39449691772461,
    -21.18765640258789,
    -23.767114639282227,
    -16.871055603027344,
    -6.0257110595703125,
    -0.47071075439453125,
    0.0
  ],
  "omc_energies": [
    -0.5297017097473145,
    -0.5396952629089355,
    -0.4286308288574219,
    -0.2506890296936035,
    -0.03713655471801758,
    0.14346885681152344,
    0.253143310546875,
    0.30820655822753906,
    0.3609933853149414,
    0.4651355743408203,
    0.5797815322875977,
    0.6339497566223145,
    0.6566805839538574,
    0.5921998023986816,
    0.45330381393432617,
    0.32373952865600586,
    0.19958877563476562,
    0.0016674995422363281,
    -0.16703128814697266,
    -0.09754371643066406,
    0.0
  ]
}