{
  "heights": [
    2.0,
    2.2,
    2.4000000000000004,
    2.6000000000000005,
    2.8000000000000007,
    3.000000000000001,
    3.200000000000001,
    3.4000000000000012,
    3.6000000000000014,
    3.8000000000000016,
    4.000000000000002,
    4.200000000000002,
    4.400000000000002,
    4.600000000000002,
    4.8000000000000025,
    5.000000000000003,
    5.200000000000003,
    5.400000000000003,
    5.600000000000003,
    5.800000000000003,
    6.0000000000000036,
    6.200000000000004,
    6.400000000000004,
    6.600000000000004,
    6.800000000000004,
    7.000000000000004
  ],
  "adsorbant": "B",
  "surface": "MoS2",
  "configuration": {
    "z_start": 2.0,
    "z_end": 7.0,
    "z_step": 0.2,
    "orientation": "default"
  },
  "omat_energies": [
    -1.9657096862792969,
    -1.7025718688964844,
    -1.4396171569824219,
    -1.2299060821533203,
    -1.0764942169189453,
    -0.9910373687744141,
    -0.9643821716308594,
    -0.9420719146728516,
    -0.8641452789306641,
    -0.7073097229003906,
    -0.49486541748046875,
    -0.2797069549560547,
    0.08530044555664062,
    0.7049808502197266,
    1.6266326904296875,
    2.4300613403320312,
    2.9706764221191406,
    3.1408214569091797,
    2.2337913513183594,
    0.2320575714111328,
    -0.0001678466796875,
    -0.0004119873046875,
    -0.0001773834228515625,
    0.000102996826171875,
    0.0001850128173828125,
    0.0
  ],
  "omc_energies": [
    4.7640700340271,
    4.554172039031982,
    4.043965816497803,
    2.6575474739074707,
    0.9873819351196289,
    0.02744436264038086,
    -0.28375244140625,
    -0.3245987892150879,
    -0.25368213653564453,
    -0.04257488250732422,
    0.2543816566467285,
    0.558051586151123,
    0.9515705108642578,
    1.2131390571594238,
    1.0183138847351074,
    0.4078941345214844,
    -0.3715381622314453,
    -0.8108253479003906,
    -0.7299432754516602,
    -0.15346384048461914,
    -0.0005898475646972656,
    0.0015354156494140625,
    0.0007462501525878906,
    0.0008177757263183594,
    0.00021791458129882812,
    0.0
  ]
}