{
  "heights": [
    2.3,
    2.5999999999999996,
    2.8999999999999995,
    3.1999999999999993,
    3.499999999999999,
    3.799999999999999,
    4.099999999999999,
    4.399999999999999,
    4.699999999999998,
    4.999999999999998,
    5.299999999999998,
    5.599999999999998,
    5.899999999999998,
    6.1999999999999975,
    6.499999999999997,
    6.799999999999997,
    7.099999999999997,
    7.399999999999997,
    7.699999999999997,
    7.9999999999999964,
    8.299999999999997
  ],
  "adsorbant": "Al2",
  "surface": "MoS2",
  "configuration": {
    "z_start": 2.3,
    "z_end": 8.0,
    "z_step": 0.3,
    "orientation": "parallel"
  },
  "omat_energies": [
    -81.22941398620605,
    -80.77728080749512,
    -80.3353042602539,
    -79.95861434936523,
    -79.63921928405762,
    -79.37138366699219,
    -79.11058235168457,
    -78.78574562072754,
    -77.41839981079102,
    -63.092288970947266,
    -31.0372314453125,
    -5.617462158203125,
    -0.0128631591796875,
    0.01601409912109375,
    -0.00888824462890625,
    -0.04065704345703125,
    0.0001983642578125,
    0.01969146728515625,
    -0.01277923583984375,
    -0.01470947265625,
    0.0
  ],
  "omc_energies": [
    1.7077324390411377,
    0.4818754196166992,
    -0.5935688018798828,
    -0.9446370601654053,
    -0.7827789783477783,
    -0.558767557144165,
    -0.2179776430130005,
    -0.09904670715332031,
    0.042710065841674805,
    0.20067787170410156,
    0.19416427612304688,
    0.07888627052307129,
    -0.003778219223022461,
    -0.0038983821868896484,
    -0.0013911724090576172,
    -0.00395965576171875,
    -0.005088090896606445,
    -0.003603696823120117,
    -0.0023381710052490234,
    -0.003155946731567383,
    0.0
  ]
}