{
  "heights": [
    2.0,
    2.2,
    2.4000000000000004,
    2.6000000000000005,
    2.8000000000000007,
    3.000000000000001,
    3.200000000000001,
    3.4000000000000012,
    3.6000000000000014,
    3.8000000000000016,
    4.000000000000002,
    4.200000000000002,
    4.400000000000002,
    4.600000000000002,
    4.8000000000000025,
    5.000000000000003,
    5.200000000000003,
    5.400000000000003,
    5.600000000000003,
    5.800000000000003,
    6.0000000000000036,
    6.200000000000004,
    6.400000000000004,
    6.600000000000004,
    6.800000000000004,
    7.000000000000004
  ],
  "adsorbant": "N",
  "surface": "MoS2",
  "configuration": {
    "z_start": 2.0,
    "z_end": 7.0,
    "z_step": 0.2,
    "orientation": "default"
  },
  "omat_energies": [
    -3.778432846069336,
    -3.6377620697021484,
    -3.657604217529297,
    -3.650331497192383,
    -3.566883087158203,
    -3.4780540466308594,
    -3.4279232025146484,
    -3.4325828552246094,
    -3.4424209594726562,
    -3.4050235748291016,
    -3.3215465545654297,
    -3.1349411010742188,
    -2.8127403259277344,
    -2.157825469970703,
    -1.127838134765625,
    -0.22568702697753906,
    0.5657520294189453,
    0.7934818267822266,
    0.48734283447265625,
    0.03193473815917969,
    -0.00037384033203125,
    -0.0004482269287109375,
    0.0003566741943359375,
    -1.9073486328125e-06,
    6.4849853515625e-05,
    0.0
  ],
  "omc_energies": [
    0.32439517974853516,
    -0.7173166275024414,
    -1.992182731628418,
    -2.9767813682556152,
    -3.759530544281006,
    -4.224081993103027,
    -4.422365665435791,
    -4.439289093017578,
    -4.321578502655029,
    -4.073202610015869,
    -3.8796281814575195,
    -3.799377918243408,
    -3.6160922050476074,
    -3.2987489700317383,
    -2.97562313079834,
    -2.5827813148498535,
    -1.5950288772583008,
    -0.3057413101196289,
    0.2983121871948242,
    0.056919097900390625,
    0.0018634796142578125,
    0.0007638931274414062,
    0.001186370849609375,
    0.0010881423950195312,
    0.0005359649658203125,
    0.0
  ]
}