{
  "heights": [
    2.5,
    2.8,
    3.0999999999999996,
    3.3999999999999995,
    3.6999999999999993,
    3.999999999999999,
    4.299999999999999,
    4.599999999999999,
    4.899999999999999,
    5.199999999999998,
    5.499999999999998,
    5.799999999999998,
    6.099999999999998,
    6.399999999999998,
    6.6999999999999975,
    6.999999999999997,
    7.299999999999997,
    7.599999999999997,
    7.899999999999997,
    8.199999999999996
  ],
  "adsorbant": "Nb2",
  "surface": "MoS2",
  "configuration": {
    "z_start": 2.5,
    "z_end": 8.0,
    "z_step": 0.3,
    "orientation": "parallel"
  },
  "omat_energies": [
    -85.94132614135742,
    -85.4624080657959,
    -85.09456825256348,
    -84.76527404785156,
    -84.44861602783203,
    -83.98058700561523,
    -82.82395362854004,
    -76.88899230957031,
    -53.325435638427734,
    -24.879348754882812,
    -6.481201171875,
    -0.20217132568359375,
    -0.003875732421875,
    -0.01142120361328125,
    -0.002838134765625,
    -0.00347900390625,
    -0.0053253173828125,
    0.014068603515625,
    -0.02165985107421875,
    0.0
  ],
  "omc_energies": [
    1.4018936157226562,
    2.0523815155029297,
    2.5645599365234375,
    2.7937145233154297,
    2.817171096801758,
    2.6433753967285156,
    2.2717132568359375,
    1.648080825805664,
    0.8388118743896484,
    -0.007862091064453125,
    -0.2242107391357422,
    -0.010126113891601562,
    0.0002498626708984375,
    0.000690460205078125,
    0.00218963623046875,
    0.004238128662109375,
    0.00173187255859375,
    0.002132415771484375,
    0.00164794921875,
    0.0
  ]
}