{
  "heights": [
    2.5,
    2.8,
    3.0999999999999996,
    3.3999999999999995,
    3.6999999999999993,
    3.999999999999999,
    4.299999999999999,
    4.599999999999999,
    4.899999999999999,
    5.199999999999998,
    5.499999999999998,
    5.799999999999998,
    6.099999999999998,
    6.399999999999998,
    6.6999999999999975,
    6.999999999999997,
    7.299999999999997,
    7.599999999999997,
    7.899999999999997,
    8.199999999999996
  ],
  "adsorbant": "Ru2",
  "surface": "MoS2",
  "configuration": {
    "z_start": 2.5,
    "z_end": 8.0,
    "z_step": 0.3,
    "orientation": "parallel"
  },
  "omat_energies": [
    -90.39263153076172,
    -90.01687622070312,
    -89.68865203857422,
    -89.3216495513916,
    -88.92266273498535,
    -88.30774688720703,
    -87.39923477172852,
    -85.6661148071289,
    -75.46329116821289,
    -42.053367614746094,
    -9.950675964355469,
    -0.21977996826171875,
    -0.04290008544921875,
    0.00304412841796875,
    -0.0323486328125,
    -0.01807403564453125,
    -0.0136566162109375,
    -0.01116180419921875,
    0.0002288818359375,
    0.0
  ],
  "omc_energies": [
    7.409233093261719,
    7.731836318969727,
    7.7666473388671875,
    7.286539077758789,
    6.675970077514648,
    5.857608795166016,
    4.12839412689209,
    2.2210474014282227,
    0.956151008605957,
    0.19782543182373047,
    -0.05331993103027344,
    -0.0038042068481445312,
    0.0016851425170898438,
    0.0029592514038085938,
    0.0008230209350585938,
    0.0030059814453125,
    0.0016984939575195312,
    0.001251220703125,
    0.001522064208984375,
    0.0
  ]
}